pid,p_img
29710442069,https://img14.360buyimg.com/n5/jfs/t1/103199/13/22905/170531/66065ff3F6c834681/41275392d8fe8308.jpg.avif
29710442069,https://img14.360buyimg.com/n5/jfs/t1/189641/17/10063/155875/60d57148E194511ff/1c90e5625341897c.jpg.avif
29710442069,https://img14.360buyimg.com/n5/jfs/t1/175519/14/13740/396928/60c08a69E8fe0daea/dca35e50206fb9f3.jpg.avif
29710442069,https://img14.360buyimg.com/n5/jfs/t1/183064/20/9528/154080/60cb14f9Ee3bb7e69/bbe54f40e93bfdc8.jpg.avif
29710442069,https://img14.360buyimg.com/n5/jfs/t23101/257/533672638/174609/a01e7035/5b3346feNc5f9c48b.jpg.avif
29710442069,https://img14.360buyimg.com/n5/jfs/t20341/12/1797932831/248621/1af9b754/5b334701N32a9b983.jpg.avif
29710442069,https://img14.360buyimg.com/n5/jfs/t1/189373/12/9771/189863/60d14fd9E6bcd77a9/2ab4d7dc85775175.jpg.avif
29710442069,https://img14.360buyimg.com/n5/jfs/t1/189700/18/20444/150573/6129fc8aEeab116bf/94960070c713d856.jpg.avif
10097196793005,https://img10.360buyimg.com/n5/jfs/t1/186920/6/41916/135426/65e07cb8Fd4363fb8/6b1ea402fdc90c89.jpg.avif
10097196793005,https://img10.360buyimg.com/n5/jfs/t1/101811/14/45054/140580/65b71bdeFdf066dbd/e0437dc282871422.jpg.avif
10097196793005,https://img10.360buyimg.com/n5/jfs/t1/90540/14/46635/195315/65b71bdeF331a345a/61ecb7549dd137a9.jpg.avif
10097196793005,https://img10.360buyimg.com/n5/jfs/t1/129980/29/33497/264960/65b71bddF3a06a135/b80c9d5157ec6f3c.jpg.avif
10068028438725,https://img10.360buyimg.com/n5/jfs/t1/36393/30/19826/313052/63e70244F3676bfb1/55d75a05af877cf7.jpg.avif
10068028438725,https://img10.360buyimg.com/n5/jfs/t1/106046/21/30024/172569/63d48feaFbbd15c91/3a3fc7839196cdbe.jpg.avif
10068028438725,https://img10.360buyimg.com/n5/jfs/t1/102859/24/36002/240498/63d48febF7f7b4405/c7861ab9cd78570e.jpg.avif
10068028438725,https://img10.360buyimg.com/n5/jfs/t1/45210/28/23075/184294/63d48feaFd1efe08b/34c68c67e020210b.jpg.avif
10068028438725,https://img10.360buyimg.com/n5/jfs/t1/220968/34/22444/240647/63d48febF33aecda2/0b4427165074fd55.jpg.avif
10068028438725,https://img10.360buyimg.com/n5/jfs/t1/91934/2/24160/739173/63d48fbdF27c1a8b6/48516e72de00a48b.png.avif
100091743380,https://img10.360buyimg.com/n5/jfs/t1/106106/13/47352/129291/65d1641bF5ba3eaff/da7f193bf8994508.jpg.avif
100091743380,https://img10.360buyimg.com/n5/jfs/t1/152979/37/34612/189277/65d1641bF4b645b8d/3c573d0778c4d898.jpg.avif
100091743380,https://img10.360buyimg.com/n5/jfs/t1/231600/28/11890/250356/65aa5181F85f123ef/6cf26408d12b6a74.jpg.avif
100091743380,https://img10.360buyimg.com/n5/jfs/t1/242472/29/3755/276812/65aa5180F5695813f/0000a37c9c2fe964.jpg.avif
100091743380,https://img10.360buyimg.com/n5/jfs/t1/8954/1/23783/231652/65aa517fF68b882c4/d60685a1268485f1.jpg.avif
100091743380,https://img10.360buyimg.com/n5/jfs/t1/137530/1/37205/190389/65aa517fF49bd91bc/b98698ac01ae0b94.jpg.avif
100091743380,https://img10.360buyimg.com/n5/jfs/t1/129524/18/37502/303514/65aa517eF4d9fe98a/8eb2814a8c29604e.jpg.avif
100091743380,https://img10.360buyimg.com/n5/jfs/t1/109721/15/46767/164577/65d1641cFb3be91d2/62c7d5cbfeaf90ec.jpg.avif
10047297521458,https://img13.360buyimg.com/n5/jfs/t1/240492/35/3521/273533/660a7887F42e58667/66ef280e307cd77b.jpg.avif
10047297521458,https://img13.360buyimg.com/n5/jfs/t1/45265/11/16932/116893/6130a5c2Eba1975ce/8af035cb986d7d93.jpg.avif
10047297521458,https://img13.360buyimg.com/n5/jfs/t1/128561/32/43071/119013/65fa4eeaF90374877/733744d4acc30ddd.jpg.avif
10047297521458,https://img13.360buyimg.com/n5/jfs/t1/170979/34/38324/180998/64ed92fdFb77ef6d9/07dd9ff61d05cf82.jpg.avif
10047297521458,https://img13.360buyimg.com/n5/jfs/t1/146191/35/38602/145952/64ed9306F0b137539/eb934475bd5bbc13.jpg.avif
10047297521458,https://img13.360buyimg.com/n5/jfs/t1/191748/21/21431/127380/6130a5c2E2ec71b43/8ccc807e3fc2e8b7.jpg.avif
10047297521458,https://img13.360buyimg.com/n5/jfs/t1/195662/28/21484/478767/6130a630E0e532500/eeb773524aa4eb17.png.avif
10047297521458,https://img13.360buyimg.com/n5/jfs/t1/193410/32/21304/507823/6130a630E317a33b9/0a771a666c4f9a06.png.avif
10047297521458,https://img13.360buyimg.com/n5/jfs/t1/108223/20/37063/265737/658bf3ceF592ab3e6/05bd618accff771d.jpg.avif
100010259228,https://img13.360buyimg.com/n5/jfs/t1/128397/35/33878/229219/646b3525F1699311d/1db4ebe911d89d71.jpg.avif
100010259228,https://img13.360buyimg.com/n5/jfs/t1/194207/14/31640/168265/6479ab3eFd7c02cb3/fe3b5d2006e6f144.jpg.avif
100010259228,https://img13.360buyimg.com/n5/jfs/t1/214390/2/30832/261412/646b3525Fb7b8f2e1/cbef5319b11cdc87.jpg.avif
100010259228,https://img13.360buyimg.com/n5/jfs/t1/84033/31/23689/274705/646b3525Fabc55cf3/1a03674083d277b5.jpg.avif
100010259228,https://img13.360buyimg.com/n5/jfs/t1/209707/25/34898/96081/646b3525F7208c5da/e1ed7e32ed139ff0.jpg.avif
100010259228,https://img13.360buyimg.com/n5/jfs/t1/186004/40/36047/101377/64cccf00F2cea0ce4/548b24555d0ccbcf.jpg.avif
100057723591,https://img11.360buyimg.com/n5/jfs/t1/176871/23/44388/284822/660d22f8F89dabc30/b09a78e87057a941.jpg.avif
100057723591,https://img11.360buyimg.com/n5/jfs/t1/218565/35/25799/171528/6444a3e2F823110b3/6eab685bd2732973.jpg.avif
100057723591,https://img11.360buyimg.com/n5/jfs/t1/122886/39/32184/164536/6444a3e2Ffaf290b3/681ebdf57dc178ca.jpg.avif
100057723591,https://img11.360buyimg.com/n5/jfs/t1/99694/12/37337/122883/6444a3e3Fe5640f72/9142651cc63cda3f.jpg.avif
10073895430981,https://img11.360buyimg.com/n5/jfs/t1/191451/3/34512/372296/64425f22Ff0b9cfae/8b37294d99bad150.jpg.avif
10073895430981,https://img11.360buyimg.com/n5/jfs/t1/204787/5/31962/298855/64425f21F97214d41/bae2481debe7490c.jpg.avif
10073895430981,https://img11.360buyimg.com/n5/jfs/t1/186853/35/34834/264563/64425f21Fc2a76ccf/6ae5936901225448.jpg.avif
100072130485,https://img10.360buyimg.com/n5/jfs/t1/191328/35/41238/108707/654209d7Fa172d4d4/04d37d82bfe2bc0d.jpg.avif
100072130485,https://img10.360buyimg.com/n5/jfs/t1/227755/13/470/233508/6530f5e0Fa9f37608/88d71572e0cd39ee.jpg.avif
100072130485,https://img10.360buyimg.com/n5/jfs/t1/187762/21/40555/246044/6530f5dfF68960fd3/7f02a7d7b0766923.jpg.avif
100072130485,https://img10.360buyimg.com/n5/jfs/t1/42217/3/23717/187307/6530f5deF39152479/3df21590296872f5.jpg.avif
100072130485,https://img10.360buyimg.com/n5/jfs/t1/130073/34/41790/299744/6530f5dfF779ee520/6bcac08dc6373e43.jpg.avif
100072130485,https://img10.360buyimg.com/n5/jfs/t1/150520/26/33504/142470/6530f5ddF1107598a/9e7d1ec6b310cfc9.jpg.avif
10078735575717,https://img12.360buyimg.com/n5/jfs/t1/215236/32/33356/338107/64913ff5F4fbeb9e7/b6f07f704a57b039.jpg.avif
10078735575717,https://img12.360buyimg.com/n5/jfs/t1/237917/17/2396/101646/654f987dFd4634988/77be15f0cc17018f.jpg.avif
10078735575717,https://img12.360buyimg.com/n5/jfs/t1/88195/37/38946/233207/64913ff5Fb6bdc121/c47fd0f62f169f61.jpg.avif
10078735575717,https://img12.360buyimg.com/n5/jfs/t1/198859/31/36854/202039/64913ff5F1d51e2e6/50717512394adf3c.jpg.avif
58942167997,https://img12.360buyimg.com/n5/jfs/t1/151001/11/36190/349303/65f7e225F31c1e423/8017b173b8989fa9.jpg.avif
58942167997,https://img12.360buyimg.com/n5/jfs/t1/229283/13/3590/270177/65604a27Fd2f7308f/73130db857a7045f.jpg.avif
58942167997,https://img12.360buyimg.com/n5/jfs/t1/225996/2/4176/180345/65604a38F7c75eee8/312ee67887b75a8b.jpg.avif
58942167997,https://img12.360buyimg.com/n5/jfs/t1/235581/3/4175/204140/65604a53F7fa5c41e/c595afe724267555.jpg.avif
58942167997,https://img12.360buyimg.com/n5/jfs/t1/227662/28/4579/134537/65604a52F4e63c8cf/4f848cc1c9783734.jpg.avif
58942167997,https://img12.360buyimg.com/n5/jfs/t1/207992/4/38163/92097/65604a51F41dfa47a/12bb49714e665f8a.jpg.avif
58942167997,https://img12.360buyimg.com/n5/jfs/t1/173353/32/30416/100292/6332af3aEcd3d8ef6/6830acc9f21a4ad4.jpg.avif
58942167997,https://img12.360buyimg.com/n5/jfs/t1/190849/6/28837/344103/6332ae6cE8ef0c564/c6b72dfbf3f48e7d.png.avif
58942167997,https://img12.360buyimg.com/n5/jfs/t1/230424/2/7354/322621/65799008F47b9e7cf/805d630303d00b12.jpg.avif
100039080627,https://img12.360buyimg.com/n5/jfs/t1/88416/7/28200/127245/648c2944F578a6419/1fce4bce3d5ea52b.jpg.avif
100039080627,https://img12.360buyimg.com/n5/jfs/t1/107326/31/37975/201409/648c2921Ff8bd1dfa/88d40684a7108230.jpg.avif
100039080627,https://img12.360buyimg.com/n5/jfs/t1/21172/8/19577/157593/63491458Ee9960455/cd37674b21b5f687.jpg.avif
100039080627,https://img12.360buyimg.com/n5/jfs/t1/150279/16/35933/136097/648c2921F35803d48/6017642755bb2c10.jpg.avif
100039080627,https://img12.360buyimg.com/n5/jfs/t1/122733/29/35830/139696/648c2921F8006c72e/c22fb788c8b3eee6.jpg.avif
100039080627,https://img12.360buyimg.com/n5/jfs/t1/138654/9/37030/114250/648c2921F87b1fbfd/fb87d155899a1b64.jpg.avif
100039080627,https://img12.360buyimg.com/n5/jfs/t1/108056/2/32912/97371/648c2921Ff2457884/b31f1b323254bb6a.jpg.avif
100039080627,https://img12.360buyimg.com/n5/jfs/t1/25964/3/19412/139297/6322c620E67acbaa6/6459f4ca1a01d76f.jpg.avif
10084788300374,https://img14.360buyimg.com/n5/jfs/t1/111128/16/35494/158498/6603b6a5F816fc611/81a408fe4a2db39e.jpg.avif
10084788300374,https://img14.360buyimg.com/n5/jfs/t1/222265/37/25838/205647/64f2a45cF2b67f6ab/c06a1ab98376326c.jpg.avif
10084788300374,https://img14.360buyimg.com/n5/jfs/t1/109744/32/41042/189090/64f2a45cFdddd136e/8f36bbe1b73f9851.jpg.avif
10084788300374,https://img14.360buyimg.com/n5/jfs/t1/103120/9/41931/169714/64f2a45cF1204b0fd/def0414b0043237b.jpg.avif
10084788300374,https://img14.360buyimg.com/n5/jfs/t1/87893/35/43889/298055/64f2a45dF40e4516e/203a1ad1c413568d.jpg.avif
10084788300374,https://img14.360buyimg.com/n5/jfs/t1/185070/32/37293/295941/64f2a45dF98a801c8/4bc7496f466c70f5.jpg.avif
10084788300374,https://img14.360buyimg.com/n5/jfs/t1/165746/6/36163/129237/64f18fcfFd3376299/8e65bbb46129e52e.jpg.avif
10084788300374,https://img14.360buyimg.com/n5/jfs/t1/105747/6/44572/104096/64f1908eF2e02a449/03f87aa15fb61bb8.jpg.avif
10084788300374,https://img14.360buyimg.com/n5/jfs/t1/169648/26/39714/333699/64f2a477F04ec4413/39bb111ae920cc50.jpg.avif
10084788300374,https://img14.360buyimg.com/n5/jfs/t1/193750/29/37342/20876/64f2a47dF85e7fdab/182ff47ce5beca8d.jpg.avif
100005913441,https://img11.360buyimg.com/n5/jfs/t1/87399/36/25001/177222/646f0140Fb6c75329/a544a8e06ff75963.jpg.avif
100005913441,https://img11.360buyimg.com/n5/jfs/t1/99802/15/35525/270177/646f0140F135effe3/8f36335a0e611bed.jpg.avif
100005913441,https://img11.360buyimg.com/n5/jfs/t1/34667/24/18127/114859/63086ce8E0a8ca7ed/0337631ce0176ff7.jpg.avif
100005913441,https://img11.360buyimg.com/n5/jfs/t1/115157/15/28137/201103/63086d1aE65a35317/573a9729bbf08bf8.jpg.avif
100005913441,https://img11.360buyimg.com/n5/jfs/t1/175567/25/29100/80626/63086d0cE20650bb3/78aee9fb82a178aa.jpg.avif
100039186230,https://img10.360buyimg.com/n5/jfs/t1/106950/7/40473/268121/6439272aFdd75f26f/c55be76823e25a78.jpg.avif
100039186230,https://img10.360buyimg.com/n5/jfs/t1/159759/22/32010/125138/6439250dF326704a5/11d0b21d55e63b69.jpg.avif
100039186230,https://img10.360buyimg.com/n5/jfs/t1/96310/9/28764/827657/626b9a9eEfe3fc8fe/84c2616684ddecab.jpg.avif
100039186230,https://img10.360buyimg.com/n5/jfs/t1/91854/13/30590/180818/6305e662E96f92607/7b0397bbfc71b9b1.jpg.avif
100039186230,https://img10.360buyimg.com/n5/jfs/t1/143/1/20001/191763/6305e662Ee253ce28/1181c25be3b07414.jpg.avif
100039186230,https://img10.360buyimg.com/n5/jfs/t1/140754/34/33436/146616/6439272aFf08259df/3e7769997ae5f959.jpg.avif
100039186230,https://img10.360buyimg.com/n5/jfs/t1/146037/13/29422/88045/641c19d3F9e7d86ca/454c3875aa860e77.jpg.avif
100068828357,https://img12.360buyimg.com/n5/jfs/t1/164275/36/36900/341934/64fe85c2Fcb745be6/ba4bbd270bc73fac.jpg.avif
100068828357,https://img12.360buyimg.com/n5/jfs/t1/112892/3/42124/335277/64fe85c2Fe69aa0d6/29ac27366860f38d.jpg.avif
100068828357,https://img12.360buyimg.com/n5/jfs/t1/104111/18/44948/278831/64fe85c2F6d1c4635/293361be4adb94c9.jpg.avif
100068828357,https://img12.360buyimg.com/n5/jfs/t1/125940/12/36356/219243/64fe85c2Fefd44c16/8ba28f19389b6e7a.jpg.avif
100068828357,https://img12.360buyimg.com/n5/jfs/t1/218768/13/35605/246941/64fe85c2F8a46cd5b/b4e76c7e7dd0a182.jpg.avif
100068828357,https://img12.360buyimg.com/n5/jfs/t1/120409/8/39567/229881/64fe85c2Fa539f79c/194f39cbbcd56bcc.jpg.avif
100010259230,https://img10.360buyimg.com/n5/jfs/t1/64038/15/20663/196371/646efe02F55e68ed1/22afc884e76400c5.jpg.avif
100010259230,https://img10.360buyimg.com/n5/jfs/t1/159175/4/33369/155686/646efba0F97b4a6ed/d43d5b3f2b908ee4.jpg.avif
100010259230,https://img10.360buyimg.com/n5/jfs/t1/110730/7/38775/195667/646efbc0F785a7f15/f24af1061997f3e3.jpg.avif
100010259230,https://img10.360buyimg.com/n5/jfs/t1/122308/6/34500/272725/646efbc0F594b33e1/fc31041325125b9f.jpg.avif
100010259230,https://img10.360buyimg.com/n5/jfs/t1/176659/4/38001/106233/646efbc1F109e3dd2/25e503d2e68e1870.jpg.avif
10089918698754,https://img14.360buyimg.com/n5/jfs/t1/234637/23/1472/252907/654222a2F40fafa02/c1def9fd9d0845ad.jpg.avif
10089918698754,https://img14.360buyimg.com/n5/jfs/t1/235760/40/1327/168486/6541bce6Fbd56d143/ce1231dec3c3b37d.jpg.avif
10089918698754,https://img14.360buyimg.com/n5/jfs/t1/228622/33/11536/157854/65ebd772F21732e58/0fbf778acbbb729b.jpg.avif
10089918698754,https://img14.360buyimg.com/n5/jfs/t1/164095/17/34645/190879/64252235Fbbbcf14e/723f7addd2e24963.jpg.avif
10089918698754,https://img14.360buyimg.com/n5/jfs/t1/236264/16/1403/326386/6541c006F6318bb20/e3d0298f63cfc4f1.jpg.avif
10089918698754,https://img14.360buyimg.com/n5/jfs/t1/194614/28/34586/190398/64252236F22010203/4c84d31ce71aa83d.jpg.avif
10089918698754,https://img14.360buyimg.com/n5/jfs/t1/184963/24/33449/248838/64252280Fa1dc8dc6/66e7d441da0a7476.jpg.avif
10089918698754,https://img14.360buyimg.com/n5/jfs/t1/74710/35/23081/198497/64252280Fa8560e23/53878223d6eed8d2.jpg.avif
10089918698754,https://img14.360buyimg.com/n5/jfs/t1/131392/38/30395/278225/64252280Fb10b92e9/1aa4a60f31bdf33d.jpg.avif
10089918698754,https://img14.360buyimg.com/n5/jfs/t1/207982/5/36640/151424/6541c1a1F02bd8b29/ccd1ce68125eeb6b.jpg.avif
100024152108,https://img13.360buyimg.com/n5/jfs/t1/158705/18/43827/155107/6606346aFe885cb4f/d88ecb25e8b5d61d.jpg.avif
100024152108,https://img13.360buyimg.com/n5/jfs/t1/191967/38/14884/169904/60fe75d0E680de1df/6f41bc25d931a9ed.jpg.avif
100024152108,https://img13.360buyimg.com/n5/jfs/t1/188840/21/15099/202150/60fe75d0Ebb75e70d/7be9b2d4b7b045ce.jpg.avif
100024152108,https://img13.360buyimg.com/n5/jfs/t1/117729/15/26032/178986/62b0469dE00dc7049/df03c4d99ed4e0bd.jpg.avif
100024152108,https://img13.360buyimg.com/n5/jfs/t1/105312/27/27947/85191/64e87efaFd8103d42/84371ddd29f8560b.jpg.avif
100024152108,https://img13.360buyimg.com/n5/jfs/t1/7328/3/17340/282424/62b0469dE85f8b2aa/dd24c2fbc9b474c5.jpg.avif
100024152108,https://img13.360buyimg.com/n5/jfs/t1/180005/12/26388/244588/62b0469dE492dabfb/d3c825fd4869c6d5.jpg.avif
100024152108,https://img13.360buyimg.com/n5/jfs/t1/182428/40/14132/101900/60eecad6Ee1d957e0/f6d99ef8c3dfe06a.jpg.avif
100024152108,https://img13.360buyimg.com/n5/jfs/t1/149796/13/38823/134333/64e87efaF92ecee68/3c671dc964a8253f.jpg.avif
100067156391,https://img11.360buyimg.com/n5/jfs/t1/202826/24/33811/153294/64e8734cF9c38b965/c0cc449a7f7f8688.jpg.avif
100067156391,https://img11.360buyimg.com/n5/jfs/t1/209543/26/31999/158075/64f063c5Fbc63b562/d67388289b5be43c.jpg.avif
100067156391,https://img11.360buyimg.com/n5/jfs/t1/169410/21/41214/129559/64f02b41Fc2df2153/9d9b6e1cfeb23ca5.jpg.avif
100067156391,https://img11.360buyimg.com/n5/jfs/t1/99794/16/33171/158866/64f02b41F894a2b59/9b7ce403eaf86b69.jpg.avif
100067156391,https://img11.360buyimg.com/n5/jfs/t1/223659/26/28493/106434/64f02b41F15910d74/3e26380d3356c374.jpg.avif
100067156391,https://img11.360buyimg.com/n5/jfs/t1/108647/37/36340/121550/659d0773F150c12d3/11434718fd37e17f.jpg.avif
100067156391,https://img11.360buyimg.com/n5/jfs/t1/19820/34/20570/169254/659d0772F20b79322/7f7b87dfb6ac0ecb.jpg.avif
100067156391,https://img11.360buyimg.com/n5/jfs/t1/167658/35/37161/162223/64e8734cFc4cbb6a8/b766b92cc5638cad.jpg.avif
100067156391,https://img11.360buyimg.com/n5/jfs/t1/92035/31/40507/151925/64e8734cF4cd02d2d/ef91ad9202b7abba.jpg.avif
8441949,https://img14.360buyimg.com/n5/jfs/t1/83713/14/23541/181475/646b3084Fd9503413/c1b524f55a120388.jpg.avif
8441949,https://img14.360buyimg.com/n5/jfs/t1/125112/33/33182/174942/646b34c7Fcf27a52c/d20f7f284682ae9e.jpg.avif
8441949,https://img14.360buyimg.com/n5/jfs/t1/109555/3/27590/274955/646b2dbdF45b2e14e/ff1b8e596a045904.jpg.avif
8441949,https://img14.360buyimg.com/n5/jfs/t1/53356/10/21199/100115/646b2dbdF4c3fa722/18835dc9bc228cad.jpg.avif
860857,https://img12.360buyimg.com/n5/jfs/t1/184324/19/34238/136198/641139ecF5f8a3edd/db1e5ada23149fde.jpg.avif
860857,https://img12.360buyimg.com/n5/jfs/t1/174431/4/29805/106130/641139ecF0e0a6d09/bbe7f9700cd7b6f0.jpg.avif
860857,https://img12.360buyimg.com/n5/jfs/t1/169252/28/35822/136897/641139ecF806ed05b/67030429c20c3950.jpg.avif
860857,https://img12.360buyimg.com/n5/jfs/t5785/70/2495895484/358468/de57874b/5930d9acN260a055f.jpg.avif
860857,https://img12.360buyimg.com/n5/jfs/t1/212658/33/12640/712474/620df2a9E2eef7b17/b61550442fa72c6f.jpg.avif
860857,https://img12.360buyimg.com/n5/jfs/t1/143603/14/30084/107563/641139ecF2eccb44a/cad11898d23ef8e6.jpg.avif
100025000160,https://img10.360buyimg.com/n5/jfs/t1/160138/25/40412/160612/65af3169F883de86d/3b85bfd54b154e3c.jpg.avif
100025000160,https://img10.360buyimg.com/n5/jfs/t1/231958/37/12840/183385/65af316bFc06e700f/4580eaefb9116b0f.jpg.avif
100025000160,https://img10.360buyimg.com/n5/jfs/t1/129979/40/31126/166969/6324832dE0f2f923e/80772d23651d17ac.jpg.avif
100025000160,https://img10.360buyimg.com/n5/jfs/t1/133723/16/37394/245211/65af316aFe8d72548/8211762d373f3617.jpg.avif
100025000160,https://img10.360buyimg.com/n5/jfs/t1/234332/8/12501/124642/65af3168F3310c63a/0cbabfc90d60f38b.jpg.avif
100025000160,https://img10.360buyimg.com/n5/jfs/t1/93695/32/41563/164148/65af316aF38b33b26/40a44ea0da146da3.jpg.avif
100025000160,https://img10.360buyimg.com/n5/jfs/t1/242091/9/3861/133318/65af3169F08ccceec/c7144c7b065cbf4a.jpg.avif
100025000160,https://img10.360buyimg.com/n5/jfs/t1/246422/35/3982/91956/65af3168F4dfdea3d/824cb854276e2e00.jpg.avif
100059257617,https://img12.360buyimg.com/n5/jfs/t1/132463/15/33360/146516/6465e699F67e56fc2/bc7428c4693d3724.jpg.avif
100059257617,https://img12.360buyimg.com/n5/jfs/t1/123683/3/37580/211385/6465e699Fafd0be9e/0b36e9df9fd26812.jpg.avif
100059257617,https://img12.360buyimg.com/n5/jfs/t1/200175/1/35068/201683/6465e699F8c88eae6/e81122b6390cda37.jpg.avif
100059257617,https://img12.360buyimg.com/n5/jfs/t1/138925/33/36381/168720/6465e699Fa335fdf0/b23db24ad1f79178.jpg.avif
100059257617,https://img12.360buyimg.com/n5/jfs/t1/143198/20/31854/233710/6465e699Fdad916ed/64834f07cb17b76a.jpg.avif
100059257617,https://img12.360buyimg.com/n5/jfs/t1/193471/10/35581/165212/6465e699Feacd8883/fd1a2373c8f14075.jpg.avif
10098279384607,https://img12.360buyimg.com/n5/jfs/t1/183835/16/42856/138983/6604da9aF10e5c9aa/e25a6ff886089995.jpg.avif
10098279384607,https://img12.360buyimg.com/n5/jfs/t1/178736/11/43269/100961/6604e243F0e99f4ff/0c77365423478cea.jpg.avif
10098279384607,https://img12.360buyimg.com/n5/jfs/t1/217694/21/38479/118697/65f7a55bF4378666c/a8b5140ac6ff5e51.jpg.avif
10098279384607,https://img12.360buyimg.com/n5/jfs/t1/226508/2/14000/131404/65f7aa2cF7039286a/c09769f8cfb1c361.png.avif
10098279384607,https://img12.360buyimg.com/n5/jfs/t1/233775/15/13470/179887/65f7a55cFdc1f6024/00f01f7f29313562.jpg.avif
10098279384607,https://img12.360buyimg.com/n5/jfs/t1/192183/17/42383/98154/65f7aa8bF32cd1313/3b77003f62f68a5c.png.avif
10098279384607,https://img12.360buyimg.com/n5/jfs/t1/233092/24/14751/248640/65f7a559F96324749/d7bb1d6573c8dd24.jpg.avif
10098279384607,https://img12.360buyimg.com/n5/jfs/t1/190260/8/43015/148849/65f7a55aF378532c4/f842f298c12d8aae.jpg.avif
100025381115,https://img10.360buyimg.com/n5/jfs/t1/232553/11/14190/102940/65f7afe4F795d4269/4da009d753b6e466.jpg.avif
100025381115,https://img10.360buyimg.com/n5/jfs/t1/133109/35/42850/139791/65f7aff4F4f1be5c1/9c6efcfba018fbec.jpg.avif
100025381115,https://img10.360buyimg.com/n5/jfs/t1/244478/23/6121/266229/65f7afe4Feb47edeb/94508a7264c456e3.jpg.avif
100025381115,https://img10.360buyimg.com/n5/jfs/t1/61391/22/21694/162838/6305cf2eEe92e2046/fa9f7ff4bc61eea3.jpg.avif
100025381115,https://img10.360buyimg.com/n5/jfs/t1/39597/29/18240/183714/6305c8cdE15fb5e23/0b834005ce2280d1.jpg.avif
100025381115,https://img10.360buyimg.com/n5/jfs/t1/234327/37/14566/137571/65f7afe3F43f286b3/884214064e3f1442.jpg.avif
100025381115,https://img10.360buyimg.com/n5/jfs/t1/246993/3/817/70853/658a88bcF127db313/49db7daa63b4561c.jpg.avif
100025381115,https://img10.360buyimg.com/n5/jfs/t1/242593/4/990/93496/658a88ccF2d45f693/a32d6ed2a85dcf29.jpg.avif
100025381115,https://img10.360buyimg.com/n5/jfs/t1/248971/16/734/82940/658a88cbF5a7b28bd/6bfc81854e960325.jpg.avif
100022034324,https://img14.360buyimg.com/n5/jfs/t1/191707/11/40012/141950/6528e3d9Fc7ae5061/7d43b6195c38d259.jpg.avif
100022034324,https://img14.360buyimg.com/n5/jfs/t1/54179/12/26894/140687/64be126bF0b1fcd70/c7f1ee13b9e5295b.jpg.avif
100022034324,https://img14.360buyimg.com/n5/jfs/t1/215271/18/33971/195335/64be1287F1c71ba78/4cbaa55f773fab49.jpg.avif
100022034324,https://img14.360buyimg.com/n5/jfs/t1/185426/34/35275/116099/64be126bF552e4d1b/f95c2e786f9d6d45.jpg.avif
100003827642,https://img12.360buyimg.com/n5/jfs/t1/183247/22/40604/118847/654a1334F1e885d0e/2d933ef4509b1c44.jpg.avif
100003827642,https://img12.360buyimg.com/n5/jfs/t1/104929/11/42671/109024/6539e993Fc42d1032/152e2a29dfa3bfa4.jpg.avif
100003827642,https://img12.360buyimg.com/n5/jfs/t1/125725/12/41079/118017/6539e993F10313be2/a8242475c8c8eb3d.jpg.avif
100003827642,https://img12.360buyimg.com/n5/jfs/t1/229940/23/802/106884/6539e994Ff708828b/201c4b3c759ed4dd.jpg.avif
100003827642,https://img12.360buyimg.com/n5/jfs/t1/147462/40/12022/180563/5f9793cfE541d4201/f60571999c670dbf.jpg.avif
100003827642,https://img12.360buyimg.com/n5/jfs/t1/124021/34/16454/192251/5f9793e1Eb063ce5c/c7d4666e76fffbbe.jpg.avif
100003827642,https://img12.360buyimg.com/n5/jfs/t1/120766/35/16382/260919/5f97941aEb3baeaff/71430f1746d53035.jpg.avif
100003827642,https://img12.360buyimg.com/n5/jfs/t1/15399/23/16744/144504/62c7edb7E3633344a/868eeb058bb53814.jpg.avif
100003827642,https://img12.360buyimg.com/n5/jfs/t1/230924/33/810/113801/6539e994F9c4d6496/aaf3762839a6dba5.jpg.avif
100022034304,https://img14.360buyimg.com/n5/jfs/t1/199923/18/36369/160638/6528e3bdF41044529/49f766c2feb0ad90.jpg.avif
100022034304,https://img14.360buyimg.com/n5/jfs/t1/149956/33/37977/134812/64be22f2F008e39e3/91321d466659ce27.jpg.avif
100022034304,https://img14.360buyimg.com/n5/jfs/t1/218927/13/34742/195335/64be22feFf3a56f1d/4aa0c9ce9f24fc0b.jpg.avif
100022034304,https://img14.360buyimg.com/n5/jfs/t1/175636/35/36538/148940/64c0d0faF160951fc/7365f99bb7fd4592.jpg.avif
100039080645,https://img10.360buyimg.com/n5/jfs/t1/131611/4/34877/150284/648c2ad9Fc4fb0793/547f968fcbec81aa.jpg.avif
100039080645,https://img10.360buyimg.com/n5/jfs/t1/152408/23/25999/207584/648c2ad9F697265c1/97984409c5de8116.jpg.avif
100039080645,https://img10.360buyimg.com/n5/jfs/t1/21172/8/19577/157593/63491458Ee9960455/cd37674b21b5f687.jpg.avif
100039080645,https://img10.360buyimg.com/n5/jfs/t1/122287/21/35005/154912/648c2ad9F8e7c31e0/e2d9dc221b77ded5.jpg.avif
100039080645,https://img10.360buyimg.com/n5/jfs/t1/208702/27/37441/167842/648c2ad9Fc686cb95/5f5e5ed9076d1044.jpg.avif
100039080645,https://img10.360buyimg.com/n5/jfs/t1/146368/21/38064/128048/648c2ad9Ffe086a73/9499976c62774513.jpg.avif
100039080645,https://img10.360buyimg.com/n5/jfs/t1/94546/3/37492/160941/648c2ad9Faf100dab/f09fe0fa61780ebd.jpg.avif
10095388237290,https://img10.360buyimg.com/n5/jfs/t1/241739/37/3593/169277/65a79531F9a3ccc68/9a0665fa77776416.jpg.avif
10095388237290,https://img10.360buyimg.com/n5/jfs/t1/243669/40/3820/135107/65b9e8c7Ff789321c/55edc044aae9c509.jpg.avif
10095388237290,https://img10.360buyimg.com/n5/jfs/t1/157239/15/37342/192807/65a61ea1F4ed1a407/d6471e5c97e79aa6.jpg.avif
10095388237290,https://img10.360buyimg.com/n5/jfs/t1/131464/11/39485/190949/65a61ea1F87bd927e/bfc8be27b00895b2.jpg.avif
10095388237290,https://img10.360buyimg.com/n5/jfs/t1/248035/18/3259/195776/65a61ea2F42154374/e95a0e865b223cb5.jpg.avif
10095388237290,https://img10.360buyimg.com/n5/jfs/t1/232862/18/11747/61420/659f40b8F3e5ce6a4/19a9078b8c4f8bca.jpg.avif
10082213693049,https://img14.360buyimg.com/n5/jfs/t1/102313/7/40318/231673/64ca0fabF3742e6c4/e87430248b18133f.jpg.avif
10082213693049,https://img14.360buyimg.com/n5/jfs/t1/180738/5/35489/158514/64ca0fabFacde0cee/82b4fb0cf37fd718.jpg.avif
10082213693049,https://img14.360buyimg.com/n5/jfs/t1/165651/32/36114/217427/64ca0faaF01bfc72e/580b77001a0d3ae9.jpg.avif
10082213693049,https://img14.360buyimg.com/n5/jfs/t1/147940/11/32992/141763/64ca0fa9F42ba2e94/523b3b806e2ba442.jpg.avif
10082213693049,https://img14.360buyimg.com/n5/jfs/t1/87867/19/42000/257540/64ca0faaF8cf81be4/00e5a2a8b8de9e0b.jpg.avif
10082213693049,https://img14.360buyimg.com/n5/jfs/t1/115721/35/39461/106939/64ca0fabF96f3a5ad/2c146c82f3080caf.jpg.avif
10082213693049,https://img14.360buyimg.com/n5/jfs/t1/190555/8/36125/144186/64ca0fabF5f6b37d9/bb6bf92163e9d990.jpg.avif
10082213693049,https://img14.360buyimg.com/n5/jfs/t1/98477/36/20338/163483/64ca0fabFfdc42e13/f1bcdbd394587eb9.jpg.avif
10082213693049,https://img14.360buyimg.com/n5/jfs/t1/157275/17/39172/170189/64ca10bfF8e758741/75d652a517e22a81.jpg.avif
100013240983,https://img13.360buyimg.com/n5/jfs/t1/209027/40/38369/184574/65af3187F656579ea/65645c5721930845.jpg.avif
100013240983,https://img13.360buyimg.com/n5/jfs/t1/227128/31/12875/191670/65af3188F864ad383/4f6c43cea4abfdbc.jpg.avif
100013240983,https://img13.360buyimg.com/n5/jfs/t1/129979/40/31126/166969/6324832dE0f2f923e/80772d23651d17ac.jpg.avif
100013240983,https://img13.360buyimg.com/n5/jfs/t1/89698/10/30297/138501/6324885cE2092154e/63c42d890f0ac8d4.jpg.avif
100013240983,https://img13.360buyimg.com/n5/jfs/t1/237727/7/11986/137884/65af3187F293725e8/c2ab0269ed694ddc.jpg.avif
100013240983,https://img13.360buyimg.com/n5/jfs/t1/226077/17/13703/177203/65af3188Fbb97ad44/6538543af5614440.jpg.avif
100013240983,https://img13.360buyimg.com/n5/jfs/t1/240051/9/4002/113288/65af3186F6312fb6a/8ff20e6bde3e8f34.jpg.avif
100013240983,https://img13.360buyimg.com/n5/jfs/t1/160965/9/41404/127857/65af3187F8831f267/d14245ebca096c5f.jpg.avif
10028572083950,https://img10.360buyimg.com/n5/jfs/t1/104935/24/46480/298936/6600f144Fb285e551/93f99fe75329dbe0.jpg.avif
10028572083950,https://img10.360buyimg.com/n5/jfs/t1/224790/31/15153/263099/6600f146Faf5e1f33/5c1b6aa5852fd171.jpg.avif
10028572083950,https://img10.360buyimg.com/n5/jfs/t1/90507/22/31167/187367/630cc7c9Eb8dd145e/085a7876c0b13f51.jpg.avif
10028572083950,https://img10.360buyimg.com/n5/jfs/t1/44450/39/22756/170368/630cc7ccE21c3ea58/77327308cc0f0158.jpg.avif
10028572083950,https://img10.360buyimg.com/n5/jfs/t1/162307/16/32093/180998/63648a70E26fee5c8/9f399ce8eb5c176f.jpg.avif
10028572083950,https://img10.360buyimg.com/n5/jfs/t1/155670/35/18560/111355/6062cfb2E8b695b39/e6d21a05bce67d05.jpg.avif
10028572083950,https://img10.360buyimg.com/n5/jfs/t1/164294/23/15266/95343/6062cfb2E53828648/1872dda704d4f6db.jpg.avif
10028572083950,https://img10.360buyimg.com/n5/jfs/t1/156349/27/11925/148457/603c8463E9445a0ab/ff159ac280cf78ba.jpg.avif
100006007866,https://img11.360buyimg.com/n5/jfs/t1/160281/29/39648/135760/6528e3a0F50ea8b46/2fa4d41db4de265e.jpg.avif
100006007866,https://img11.360buyimg.com/n5/jfs/t1/94127/23/41574/131636/64be20d7F64fcdbcb/ab37407af1406d87.jpg.avif
100006007866,https://img11.360buyimg.com/n5/jfs/t1/162283/37/38828/202436/64be1fe4F289a53b9/bd1b48e90681c5d8.jpg.avif
100036991598,https://img13.360buyimg.com/n5/jfs/t1/196463/38/41123/171802/654a1333F505d34c1/1f9dd4b0ad1ebef0.jpg.avif
100036991598,https://img13.360buyimg.com/n5/jfs/t1/15736/8/31878/65011/6539ea86F70e5dce6/113d2447b547a547.jpg.avif
100036991598,https://img13.360buyimg.com/n5/jfs/t1/186252/37/41233/181858/6539ea86Fdb4ca39c/062fc6feb5343199.jpg.avif
100036991598,https://img13.360buyimg.com/n5/jfs/t1/225027/29/1156/118017/6539ea85Fd255a958/a644dc6b9c464f50.jpg.avif
100036991598,https://img13.360buyimg.com/n5/jfs/t1/180187/18/22155/239335/624e59ddE9b12b575/2ff674c7416b3625.jpg.avif
100036991598,https://img13.360buyimg.com/n5/jfs/t1/89970/29/25540/361119/624e59ddEcf2e4909/b026b5052888aad6.jpg.avif
100036991598,https://img13.360buyimg.com/n5/jfs/t1/88351/26/27573/341026/624e59ddE2b66959d/53f74cd348a3acbf.jpg.avif
100036991598,https://img13.360buyimg.com/n5/jfs/t1/229492/21/841/106884/6539ea86Fddc7aa7b/0002b19bd33faab4.jpg.avif
100036991598,https://img13.360buyimg.com/n5/jfs/t1/175835/16/29110/213451/624e59ddE8b208723/503a47eb587dcd8b.jpg.avif
10023742444174,https://img14.360buyimg.com/n5/jfs/t1/148849/18/12368/240093/5f9a84f3Ecedcd94d/4656bf3927e220e3.jpg.avif
10023742444174,https://img14.360buyimg.com/n5/jfs/t1/167306/34/13789/173175/60546e6fE003d1ad7/2d9576c55bc18dd9.jpg.avif
10023742444174,https://img14.360buyimg.com/n5/jfs/t1/169148/33/13604/196443/60546e6eEadae943e/4ee99b91c87f1cf0.jpg.avif
10023742444174,https://img14.360buyimg.com/n5/jfs/t1/167586/38/13638/175192/60547031Ec259212f/662ad1afe79ba4ed.jpg.avif
10023742444174,https://img14.360buyimg.com/n5/jfs/t1/129801/5/13952/203689/5f9a5b01E4436d528/e3645fd5bac9f50c.jpg.avif
10023742444174,https://img14.360buyimg.com/n5/jfs/t1/130361/36/13930/137159/5f9a7a8bE6932002d/b6373866f99191c6.jpg.avif
10076255461271,https://img11.360buyimg.com/n5/jfs/t1/231600/37/5519/364552/657188fdFc6514d83/6cf26408d12b6a74.jpg.avif
10076255461271,https://img11.360buyimg.com/n5/jfs/t1/221265/23/22793/229207/6468a361Fcbba0770/a4d9bf6939b4ce7e.jpg.avif
10076255461271,https://img11.360buyimg.com/n5/jfs/t1/119711/36/34897/194499/6468a469F735dc965/b1adc598503fa40d.jpg.avif
10076255461271,https://img11.360buyimg.com/n5/jfs/t1/219145/27/29696/269283/6468a469Fb2469b61/c0acead94da830e8.jpg.avif
10076255461271,https://img11.360buyimg.com/n5/jfs/t1/209776/40/34683/245430/6468a46aFb5c1694b/6ac51356a836ff6d.jpg.avif
10076255461271,https://img11.360buyimg.com/n5/jfs/t1/104147/25/34831/149527/6468a46aF157fb5c9/93fede615afeec26.jpg.avif
10076255461271,https://img11.360buyimg.com/n5/jfs/t1/87547/39/33448/65162/6468a46aFe3588ad1/57874ca2c255c3df.jpg.avif
10076255461271,https://img11.360buyimg.com/n5/jfs/t1/221351/21/27979/270092/6468a46aFaf431c2e/19ec41055ddab8ea.jpg.avif
10076255461271,https://img11.360buyimg.com/n5/jfs/t1/136428/5/35484/729885/6468a46bF5f4fda8a/8223817779f1e4fa.png.avif
100025000160,https://img10.360buyimg.com/n5/jfs/t1/160138/25/40412/160612/65af3169F883de86d/3b85bfd54b154e3c.jpg.avif
100025000160,https://img10.360buyimg.com/n5/jfs/t1/231958/37/12840/183385/65af316bFc06e700f/4580eaefb9116b0f.jpg.avif
100025000160,https://img10.360buyimg.com/n5/jfs/t1/129979/40/31126/166969/6324832dE0f2f923e/80772d23651d17ac.jpg.avif
100025000160,https://img10.360buyimg.com/n5/jfs/t1/133723/16/37394/245211/65af316aFe8d72548/8211762d373f3617.jpg.avif
100025000160,https://img10.360buyimg.com/n5/jfs/t1/234332/8/12501/124642/65af3168F3310c63a/0cbabfc90d60f38b.jpg.avif
100025000160,https://img10.360buyimg.com/n5/jfs/t1/93695/32/41563/164148/65af316aF38b33b26/40a44ea0da146da3.jpg.avif
100025000160,https://img10.360buyimg.com/n5/jfs/t1/242091/9/3861/133318/65af3169F08ccceec/c7144c7b065cbf4a.jpg.avif
100025000160,https://img10.360buyimg.com/n5/jfs/t1/246422/35/3982/91956/65af3168F4dfdea3d/824cb854276e2e00.jpg.avif
100012048788,https://img13.360buyimg.com/n5/jfs/t1/134598/10/35859/88859/6492947dFa3a01830/d28af41e3fc5843d.jpg.avif
100012048788,https://img13.360buyimg.com/n5/jfs/t1/89749/11/15612/326207/5e7428eeE5e8de60d/e35f819eab671643.jpg.avif
100012048788,https://img13.360buyimg.com/n5/jfs/t1/96406/36/15622/217310/5e7428f2Ea65c5777/449224089a697b4c.jpg.avif
100012048788,https://img13.360buyimg.com/n5/jfs/t1/99430/16/15427/373717/5e7428fbE8317bebd/3ecda201e1760822.jpg.avif
100012048788,https://img13.360buyimg.com/n5/jfs/t1/99772/15/15531/323908/5e742901E9abc1065/8414c3bb0ebeaeb5.jpg.avif
100012048788,https://img13.360buyimg.com/n5/jfs/t1/106826/6/15704/274930/5e742905E2b8ecdba/95abfa8e7cb37c3f.jpg.avif
100025591735,https://img10.360buyimg.com/n5/jfs/t1/103168/28/43132/223488/64e6c599Fd7b0b579/6553b837d4839092.jpg.avif
100025591735,https://img10.360buyimg.com/n5/jfs/t1/188622/35/25241/450720/62a0a7dfE5e2e7f39/9a5d576898472bef.jpg.avif
100025591735,https://img10.360buyimg.com/n5/jfs/t1/211030/13/23273/233125/62a0a4a8E9cef471d/e6f7998a1851ac02.jpg.avif
100025591735,https://img10.360buyimg.com/n5/jfs/t1/183415/38/26271/546579/62a0a4c3Eda313d5d/49e4a065929454b1.jpg.avif
100025591735,https://img10.360buyimg.com/n5/jfs/t1/51492/39/18964/360334/62a09891E2641ef78/e1a3dae51443b3a6.jpg.avif
100025591735,https://img10.360buyimg.com/n5/jfs/t1/177707/4/25831/230464/62a0a897E8e44b9a3/ddd9c04eba994144.jpg.avif
100025591735,https://img10.360buyimg.com/n5/jfs/t1/37209/34/18045/219528/62a0a897E4bf2d8d8/fa0930f6238e6a4f.jpg.avif
100025591735,https://img10.360buyimg.com/n5/jfs/t1/98025/13/22808/299717/62a0a898Ed4580cef/a87442615f7da229.jpg.avif
100025591735,https://img10.360buyimg.com/n5/jfs/t1/127373/28/22908/553059/62a0a898Ebc1d8ec7/2d52fb72aa1a59ad.jpg.avif
100025591735,https://img10.360buyimg.com/n5/jfs/t1/186819/40/22780/518657/62a0a898E83d6f0cd/4fb2257740edfdcc.jpg.avif
10066435494891,https://img11.360buyimg.com/n5/jfs/t1/104468/30/42858/220887/64dc659aF5ce0fb0d/d216cccc3bcd0b17.jpg.avif
10066435494891,https://img11.360buyimg.com/n5/jfs/t1/93074/3/41881/168868/64dc6244F59f38535/ab4512ee489b80f4.jpg.avif
10066435494891,https://img11.360buyimg.com/n5/jfs/t1/89968/6/34948/141696/64dc6149F29174c44/bfdd5a09004fd24c.jpg.avif
10066435494891,https://img11.360buyimg.com/n5/jfs/t1/129641/38/38605/141830/64dc60f0F063d4853/3bf32708efa8d95f.jpg.avif
10066435494891,https://img11.360buyimg.com/n5/jfs/t1/178024/26/36839/107980/64dc60f0F75f999b3/08fbdc4ed5a4df61.jpg.avif
10066435494891,https://img11.360buyimg.com/n5/jfs/t1/195003/19/35489/120494/64dc614aF74917d61/cf6dc2ec942bff94.jpg.avif
10066435494891,https://img11.360buyimg.com/n5/jfs/t1/206374/23/32676/105290/64dc6245Fd04fe985/2587eb16c63f9270.jpg.avif
100075453551,https://img11.360buyimg.com/n5/jfs/t1/228827/40/10410/201200/658e8b3cF8c338894/231372128e6aa5cc.jpg.avif
100075453551,https://img11.360buyimg.com/n5/jfs/t1/218342/20/31419/203993/657161fcF823660f1/ae1b8f1d87e7758f.jpg.avif
100075453551,https://img11.360buyimg.com/n5/jfs/t1/218686/35/37380/155384/657161fbF6a4c2193/a65b443f42d06b56.jpg.avif
100075453551,https://img11.360buyimg.com/n5/jfs/t1/235902/17/6394/113588/657161fbFfbd4bda0/0d27a17dba9755ca.jpg.avif
100075453551,https://img11.360buyimg.com/n5/jfs/t1/132839/8/37817/90079/65c09f5aFf4e97714/d4e0007580f85a4c.jpg.avif
100075453551,https://img11.360buyimg.com/n5/jfs/t1/228457/32/6137/106519/657161faF9a7b18b9/cce32ea780673abb.jpg.avif
100075453551,https://img11.360buyimg.com/n5/jfs/t1/97554/12/47746/62372/65c09f58F93f25596/ffbd089eaf06e187.png.avif
100059257617,https://img12.360buyimg.com/n5/jfs/t1/132463/15/33360/146516/6465e699F67e56fc2/bc7428c4693d3724.jpg.avif
100059257617,https://img12.360buyimg.com/n5/jfs/t1/123683/3/37580/211385/6465e699Fafd0be9e/0b36e9df9fd26812.jpg.avif
100059257617,https://img12.360buyimg.com/n5/jfs/t1/200175/1/35068/201683/6465e699F8c88eae6/e81122b6390cda37.jpg.avif
100059257617,https://img12.360buyimg.com/n5/jfs/t1/138925/33/36381/168720/6465e699Fa335fdf0/b23db24ad1f79178.jpg.avif
100059257617,https://img12.360buyimg.com/n5/jfs/t1/143198/20/31854/233710/6465e699Fdad916ed/64834f07cb17b76a.jpg.avif
100059257617,https://img12.360buyimg.com/n5/jfs/t1/193471/10/35581/165212/6465e699Feacd8883/fd1a2373c8f14075.jpg.avif
100045613484,https://img14.360buyimg.com/n5/jfs/t1/99653/33/35661/201713/63fec441F71cd46d2/32b839a2fb7b7380.jpg.avif
100045613484,https://img14.360buyimg.com/n5/jfs/t1/98438/14/32549/302364/63fdcdbeFfb3d8981/f081ca898e7c79b6.jpg.avif
100045613484,https://img14.360buyimg.com/n5/jfs/t1/145878/1/34801/261493/63fdcdbeFeecaa977/fee29c65ac92185b.jpg.avif
100045613484,https://img14.360buyimg.com/n5/jfs/t1/141688/26/34498/215321/63fdcdbeF11739da1/4502b468c10a0947.jpg.avif
100045613484,https://img14.360buyimg.com/n5/jfs/t1/139457/11/33442/67823/63fdcdbdF8dd28d3a/e777ce7e5740ecda.jpg.avif
100045613484,https://img14.360buyimg.com/n5/jfs/t1/158923/17/35536/196972/63fdcdbeF68834ed2/93302212a7c4f313.jpg.avif
10062326925012,https://img12.360buyimg.com/n5/jfs/t1/144773/28/31636/270329/633fd856Edb39d02c/b2a52033ffd0a5f7.png.avif
10062326925012,https://img12.360buyimg.com/n5/jfs/t1/169752/7/22938/145822/627df905Ec778187c/fab4a9e0a42940d6.png.avif
10062326925012,https://img12.360buyimg.com/n5/jfs/t1/207627/11/21805/66552/627df72bE99d4161f/cc829a69c1d7335b.jpg.avif
10062326925012,https://img12.360buyimg.com/n5/jfs/t1/26025/23/15920/155945/627df72bE11caaa8d/8f4aea31d2311685.jpg.avif
10062326925012,https://img12.360buyimg.com/n5/jfs/t1/221560/9/17277/72614/627df72bE38e38d19/5c874244c2d8f635.jpg.avif
100091743382,https://img12.360buyimg.com/n5/jfs/t1/161012/6/41305/156579/65aa517eF5134e19d/bbba066a4b1a2428.jpg.avif
100091743382,https://img12.360buyimg.com/n5/jfs/t1/242472/29/3755/276812/65aa5180F5695813f/0000a37c9c2fe964.jpg.avif
100091743382,https://img12.360buyimg.com/n5/jfs/t1/8954/1/23783/231652/65aa517fF68b882c4/d60685a1268485f1.jpg.avif
100091743382,https://img12.360buyimg.com/n5/jfs/t1/231600/28/11890/250356/65aa5181F85f123ef/6cf26408d12b6a74.jpg.avif
100091743382,https://img12.360buyimg.com/n5/jfs/t1/129524/18/37502/303514/65aa517eF4d9fe98a/8eb2814a8c29604e.jpg.avif
100091743382,https://img12.360buyimg.com/n5/jfs/t1/137530/1/37205/190389/65aa517fF49bd91bc/b98698ac01ae0b94.jpg.avif
100091743382,https://img12.360buyimg.com/n5/jfs/t1/181050/28/42591/175323/65aa517eFd9b32ae2/1564b4e6ab6acc05.jpg.avif
100015912115,https://img10.360buyimg.com/n5/jfs/t1/131717/34/36439/89112/649293b3F01c48241/dfc47951268e86f1.jpg.avif
100015912115,https://img10.360buyimg.com/n5/jfs/t1/100439/14/25361/263875/6235db3eEf5e08337/817a6108976f5758.jpg.avif
100015912115,https://img10.360buyimg.com/n5/jfs/t1/156665/21/23168/582895/618381b6E6c8f662b/d3769b3022dac1d9.jpg.avif
100015912115,https://img10.360buyimg.com/n5/jfs/t1/215038/29/3135/293257/618381b6E1d815585/28abf1f987c9d241.jpg.avif
100015912115,https://img10.360buyimg.com/n5/jfs/t1/170564/8/23013/457252/618381b6E6e3eb855/b96352651d5f893d.jpg.avif
100015912115,https://img10.360buyimg.com/n5/jfs/t1/209025/1/8076/307488/618381b6Eb4a61161/73f9d838a1530540.jpg.avif
100015912115,https://img10.360buyimg.com/n5/jfs/t1/210713/29/7999/497518/618381b6E9ffec225/2645fc64acd4e3d2.jpg.avif
100015912115,https://img10.360buyimg.com/n5/jfs/t1/212323/28/3191/546104/618381b6E2cd93576/ec1ffb29c1ec3628.jpg.avif
100078487309,https://img14.360buyimg.com/n5/jfs/t1/135018/3/37117/206284/65b0bc58Fc5bef9a5/734045bc9b8db89d.jpg.avif
100078487309,https://img14.360buyimg.com/n5/jfs/t1/237418/16/7844/165910/657acc5cF37fc9c38/929aadbea64ff22c.jpg.avif
100078487309,https://img14.360buyimg.com/n5/jfs/t1/230049/26/7683/201226/657acc5aF18f272ce/917c8799a7fd9620.jpg.avif
100078487309,https://img14.360buyimg.com/n5/jfs/t1/236215/13/8015/197670/657acc5aF76a828ef/f7235031b212494a.jpg.avif
100078487309,https://img14.360buyimg.com/n5/jfs/t1/234711/37/8150/210333/657acc5cF4d473bb6/dcbbfbd92ef5131c.jpg.avif
100078487309,https://img14.360buyimg.com/n5/jfs/t1/234946/27/7806/190461/657acc5cF65223a2e/293b1bfa6fb4b06a.jpg.avif
100078487309,https://img14.360buyimg.com/n5/jfs/t1/237767/9/7264/139996/657acc5aF14faf315/a8c78513e6ab017c.jpg.avif
100078487309,https://img14.360buyimg.com/n5/jfs/t1/242124/26/915/158510/658ceddaF7424a34f/5761f7dd6347975d.jpg.avif
100078487309,https://img14.360buyimg.com/n5/jfs/t1/245751/36/1109/131135/658ceddaF814cca2d/810efc88a96de543.jpg.avif
100078487309,https://img14.360buyimg.com/n5/jfs/t1/240550/3/1329/186859/658ceddaF8b4c7926/e985e0770a9fd842.jpg.avif
10029422640461,https://img11.360buyimg.com/n5/jfs/t1/237711/36/538/265237/65379eabFa5cc3969/997c8c64873c249e.jpg.avif
10029422640461,https://img11.360buyimg.com/n5/jfs/t1/110744/27/44211/252565/65379eabF9f2c3611/98600b6be9332f7f.jpg.avif
10029422640461,https://img11.360buyimg.com/n5/jfs/t1/207992/33/35605/210568/65379eabF1598732f/12bb49714e665f8a.jpg.avif
1106814,https://img14.360buyimg.com/n5/jfs/t1/136541/12/28808/151479/63088aa1E5aa90546/604fd7f9e85fa637.jpg.avif
1106814,https://img14.360buyimg.com/n5/jfs/t1/84731/36/28477/143517/63088aa1E024ac0de/59af260800798d82.jpg.avif
1106814,https://img14.360buyimg.com/n5/jfs/t1/210362/40/25825/120693/63088e45Ee983edc8/961caa29ccddeff9.jpg.avif
1106814,https://img14.360buyimg.com/n5/jfs/t1/87237/13/29185/113359/63088e45Ebda834aa/01587e901af36baf.jpg.avif
1106814,https://img14.360buyimg.com/n5/jfs/t1/44795/13/20736/156431/63088e56E2fe0d4da/cdeaa5f32964e00e.jpg.avif
10055064336166,https://img11.360buyimg.com/n5/jfs/t1/231991/15/14243/229399/65d30844F21221192/5f4832554a565f18.jpg.avif
10055064336166,https://img11.360buyimg.com/n5/jfs/t1/207750/16/38424/267341/65682b7aFbfddd41a/2c3a260bc02449a4.png.avif
10055064336166,https://img11.360buyimg.com/n5/jfs/t1/119730/15/35972/225113/640be4e1F1bc7ce7b/927276805d258574.jpg.avif
10055064336166,https://img11.360buyimg.com/n5/jfs/t1/198721/9/24873/277516/62b56cb5Ecee09c5b/9f3db05726b86f19.jpg.avif
10055064336166,https://img11.360buyimg.com/n5/jfs/t1/153874/23/29073/222436/639196a2Ea7b3a679/6515678c318da8ab.jpg.avif
100013019944,https://img14.360buyimg.com/n5/jfs/t1/195304/24/37070/96463/65042976Fcec2939d/e45ad5fff0547c59.jpg.avif
100013019944,https://img14.360buyimg.com/n5/jfs/t1/98630/32/46090/208961/65042600F1e3c250d/0a228402fbe250ed.jpg.avif
100013019944,https://img14.360buyimg.com/n5/jfs/t1/189752/5/38658/138502/65042600Fba51658a/31d01d8fff58a303.jpg.avif
100013019944,https://img14.360buyimg.com/n5/jfs/t1/219071/1/35504/130130/65042600Fefd12848/7c91d2761afda973.jpg.avif
100013019944,https://img14.360buyimg.com/n5/jfs/t1/125008/35/37877/269725/65042600Fcd30c8ba/96040d046927aaa6.jpg.avif
100013019944,https://img14.360buyimg.com/n5/jfs/t1/175301/18/35134/238047/648b0d9fFd1f10c3d/e8af5dfc7d4b2301.jpg.avif
100013019944,https://img14.360buyimg.com/n5/jfs/t1/204409/28/37482/340288/648b0df2F5e8caad0/78be8b38b6988c4e.jpg.avif
100013019944,https://img14.360buyimg.com/n5/jfs/t1/157478/11/41791/126145/65042976Fa28ba820/e55636be140ba37c.jpg.avif
10046176133273,https://img13.360buyimg.com/n5/jfs/t1/221940/36/36665/234601/65702299F45d44998/dcf08e2da66ce18f.jpg.avif
10046176133273,https://img13.360buyimg.com/n5/jfs/t1/181833/31/30128/216532/64570356F5cbdbc86/a8b5561d04daa91d.jpg.avif
10046176133273,https://img13.360buyimg.com/n5/jfs/t1/146598/15/37191/212394/6457035bFa693abcd/ebe80d61681014fc.jpg.avif
10046176133273,https://img13.360buyimg.com/n5/jfs/t1/180081/1/21968/169974/623d56baEad59d65a/8fc5882dbf1c958a.jpg.avif
10046176133273,https://img13.360buyimg.com/n5/jfs/t1/222726/13/16705/145635/62e269a3E768fd1f7/1c48b7e63b9293c9.jpg.avif
10046176133273,https://img13.360buyimg.com/n5/jfs/t1/148393/16/32819/241001/64570351Fbaec099e/84398298dc4b3be5.jpg.avif
10046176133273,https://img13.360buyimg.com/n5/jfs/t1/148679/5/27811/134721/62442e79E81da2e68/4c58d3dad63b668a.jpg.avif
10046176133273,https://img13.360buyimg.com/n5/jfs/t1/60573/33/20343/109002/62e33859E9297d8f1/79f30e6ba71a9e63.jpg.avif
10046176133273,https://img13.360buyimg.com/n5/jfs/t1/109522/14/33499/227359/640be2a2F597455ce/acc06d967722ea15.jpg.avif
10046176133273,https://img13.360buyimg.com/n5/jfs/t1/195000/4/36478/176513/64ec1a28F24923f4f/c8ba6cadcf1b8584.jpg.avif
10095616433045,https://img10.360buyimg.com/n5/jfs/t1/220576/21/36444/179086/65af7299F6982ac20/95c7d6cda69ba97f.jpg.avif
10095616433045,https://img10.360buyimg.com/n5/jfs/t1/243669/40/3820/135107/65b9e8c7Ff789321c/55edc044aae9c509.jpg.avif
10095616433045,https://img10.360buyimg.com/n5/jfs/t1/131170/5/41406/190698/65a49a6cF0061e209/84b86d9a98ca11fc.jpg.avif
10095616433045,https://img10.360buyimg.com/n5/jfs/t1/91069/27/19924/94841/65a49a6eFbfcbb8c8/8c760d5ba231b985.jpg.avif
10095616433045,https://img10.360buyimg.com/n5/jfs/t1/244157/22/2925/133278/65a49a6eF97211662/590ad5978b1d5037.jpg.avif
10095616433045,https://img10.360buyimg.com/n5/jfs/t1/243156/11/1175/89862/659f883bFd963fc0e/c687679266d74f32.jpg.avif
100025037248,https://img13.360buyimg.com/n5/jfs/t1/183655/7/18025/227761/610d135fE1f26341e/43f3676a9d60c890.jpg.avif
100025037248,https://img13.360buyimg.com/n5/jfs/t1/195692/14/16989/181375/610d135fEc9fd6c9a/f935d3be1b58faa3.jpg.avif
100025037248,https://img13.360buyimg.com/n5/jfs/t1/178972/32/18107/170970/610d135fEcb99f458/83ce7a0e88f7dd98.jpg.avif
100025037248,https://img13.360buyimg.com/n5/jfs/t1/181964/9/17347/177295/610d135fE66fa92b2/2aa45032f66b0f54.jpg.avif
100025037248,https://img13.360buyimg.com/n5/jfs/t1/191848/3/17137/174658/610d1360E747a1d5b/ef074fcc7ba0a8cb.jpg.avif
100078557200,https://img10.360buyimg.com/n5/jfs/t1/230170/16/3287/144611/6555ddefF6c87af84/4cb8214d18b4f8db.jpg.avif
100078557200,https://img10.360buyimg.com/n5/jfs/t1/224203/29/3692/253666/6555de20F854e6168/90dcdfef48f84f20.jpg.avif
100078557200,https://img10.360buyimg.com/n5/jfs/t1/229748/14/3211/159161/6555de10F0187f208/19c18c915d9e4373.jpg.avif
100078557200,https://img10.360buyimg.com/n5/jfs/t1/224644/5/3709/228045/6555de10F0499d257/dbd0e67ce45ca750.jpg.avif
100078557200,https://img10.360buyimg.com/n5/jfs/t1/229874/19/3273/282743/6555de11F70f402b0/5f30995a619b97fb.jpg.avif
1106806,https://img11.360buyimg.com/n5/jfs/t1/101028/31/38602/129119/65040d64F608acb4a/c1cfcad7743ae90c.jpg.avif
1106806,https://img11.360buyimg.com/n5/jfs/t1/184966/31/38599/134269/65040d64F3244803e/71b59ab43d4902d3.jpg.avif
1106806,https://img11.360buyimg.com/n5/jfs/t1/40509/9/18636/113761/6308ad0fEa581d85f/41aee988cebb57eb.jpg.avif
1106806,https://img11.360buyimg.com/n5/jfs/t1/100132/32/34180/136523/65040d64Fa73a198c/2cbba7029d42de4f.jpg.avif
1106806,https://img11.360buyimg.com/n5/jfs/t1/176119/31/34831/65208/64198371F30f84141/f9ce87bfcf6de121.jpg.avif
1106806,https://img11.360buyimg.com/n5/jfs/t2794/351/1432533662/121519/af0e24/573d8d07N88d5d17e.jpg.avif
100070107399,https://img14.360buyimg.com/n5/jfs/t1/164988/31/41884/153176/65fd53faF918ca2f8/e14443cb6a379a63.jpg.avif
100070107399,https://img14.360buyimg.com/n5/jfs/t1/216060/29/38566/148686/65fd507cFd7650921/04a5b359008eca2f.jpg.avif
100070107399,https://img14.360buyimg.com/n5/jfs/t1/163309/20/43450/123023/65f403fbF84ab4d2e/47ac7582a61e6515.jpg.avif
100070107399,https://img14.360buyimg.com/n5/jfs/t1/235911/22/14155/139850/65f40349F5ec8ffbb/455ba4936391607b.jpg.avif
100070107399,https://img14.360buyimg.com/n5/jfs/t1/220060/7/39921/227888/65fd53f9F019240cb/b4588949f04b35a4.jpg.avif
100070107399,https://img14.360buyimg.com/n5/jfs/t1/236605/25/13694/139026/65fd53f7F6ce029f8/1101634135ab520f.jpg.avif
100070107399,https://img14.360buyimg.com/n5/jfs/t1/107665/29/47905/128744/65fd53f8Fe94597e0/2255a24aab998d6d.jpg.avif
100070107399,https://img14.360buyimg.com/n5/jfs/t1/107732/33/45208/123797/65fd53f8Fdc95ace4/9b0374ce352f6d61.jpg.avif
100070107399,https://img14.360buyimg.com/n5/jfs/t1/190019/34/42483/67395/6552ed2dF52793e9b/2605b186f6eeea69.jpg.avif
100010259226,https://img11.360buyimg.com/n5/jfs/t1/199707/4/27409/148649/6305cc6eE5e70107a/9192aa63c2bfc794.jpg.avif
100010259226,https://img11.360buyimg.com/n5/jfs/t1/175187/5/29045/170002/6305cc6fE625c8ef5/cb5776a7fd0299ff.jpg.avif
100010259226,https://img11.360buyimg.com/n5/jfs/t1/180351/36/27521/170554/6305cacdE2cc2c8cb/aabf81cab6d66e22.jpg.avif
100010259226,https://img11.360buyimg.com/n5/jfs/t1/242867/29/873/162838/658aa4dfF895c6570/055e98d422c5d584.jpg.avif
100010259226,https://img11.360buyimg.com/n5/jfs/t1/210874/8/19760/149968/6244085aE00c87f76/6e640886714437e5.jpg.avif
100010259226,https://img11.360buyimg.com/n5/jfs/t1/218224/16/20285/84593/6305cc87E069b3f0c/beb88a495de38e2e.jpg.avif
100010259226,https://img11.360buyimg.com/n5/jfs/t1/213109/32/16222/149236/624407b9E9ed0736d/63b329355fe140ce.jpg.avif
100010259226,https://img11.360buyimg.com/n5/jfs/t1/146211/20/36691/167323/64253675F00d8837c/3b4c1b4cfd9cbf68.jpg.avif
